imagen,dist_manos,ancho_caderas,ancho_rodillas,ancho_tobillos,alineacion_tronco_x,simetria_rodillas_y,simetria_manos_y,clasificacion
img1.jpg,0.41189988093028373,0.9797183807006217,0.6321775437328023,1.5163439754351715,2.6708940295709738,0.2961708209679758,0.11873065904872013,INCORRECTO
img10.jpg,2.4367586088078284,0.7192417687138076,1.1548339748697798,3.4900291442758644,1.5798502883167747,0.8868956594666835,2.436492504055325,INCORRECTO
img10_aug1.jpg,4.582122857159255,0.28166533892613255,1.4626990731763232,2.1086556571970743,0.6015319267229171,0.6309744543413175,1.7025361438522653,INCORRECTO
img10_aug2.jpg,2.7717940242999077,0.20995682359610965,0.29034393533347286,0.3795436087046219,0.04164844407949029,0.28695357850307884,2.7668059706185875,INCORRECTO
img10_aug3.jpg,0.5886377089026795,0.5243147938926852,0.7167160579189238,1.0082504065035112,0.39211670850994707,0.32533065039045206,0.5239359980428162,INCORRECTO
img10_aug4.jpg,1.0516377842849867,0.4501767797258185,0.43054810953076733,0.44458471800978855,0.05576474239541884,0.421068519352799,0.9866977150793482,INCORRECTO
img10_aug5.jpg,0.10710525434535961,0.3996004348519186,1.4141255756933888,3.6631246288758668,1.7282013174680222,0.9440581958947076,0.10283716549413102,INCORRECTO
img11.jpg,7.4397469616960255,0.3292683380907563,0.6237922625755518,0.22195385260697315,2.858357601595833,0.5039747839391208,0.6283592243463484,INCORRECTO
img11_aug1.jpg,1.4187928448514493,0.7644200717515521,1.1278440818631421,0.852323264267239,8.153698426539451,1.0412036658279846,0.881514311941222,INCORRECTO
img11_aug2.jpg,5.289339621252392,0.16731907660333042,0.5273004569924802,0.6635921319712313,4.3194874837166,0.5031475031845866,0.9404903014853958,INCORRECTO
img11_aug3.jpg,6.491012047638959,0.13435869814947293,0.5552723641244762,0.8446984158180032,5.359900139929197,0.4548040116619353,1.6204928947856492,INCORRECTO
img11_aug4.jpg,3.502338587620028,0.9808201146488594,1.4880835384025033,1.701880611210347,13.153992837928822,1.3930545885309398,0.9389603996364386,INCORRECTO
img11_aug5.jpg,7.947622476972693,0.2857753214487328,0.6169588751150364,0.4328058099259431,4.159822597587969,0.5247949685712041,0.5810610294679152,INCORRECTO
img11_aug6.jpg,5.0177884006145055,0.3282718896981728,0.7360330982202613,0.2998922229824961,2.523292678323855,0.633447903454321,0.08809998905388151,INCORRECTO
img11_aug7.jpg,1.425331388639314,0.3223206279636889,1.1118108227678418,0.7737826062146208,8.197797993258519,1.0019754521968072,0.795237357507861,INCORRECTO
img12.jpg,1.087989623241279,0.565836469299284,0.6187517756073238,1.3296160403802104,1.2392789484791962,0.6076117835723622,0.5689972166092097,INCORRECTO
img12_aug1.jpg,1.508425365348836,0.5710122635746114,0.7517000452794411,1.3581813231705513,1.1320694308683743,0.5952801425329924,0.7354534731106134,INCORRECTO
img12_aug2.jpg,0.9550403061818187,0.5831348295300596,0.7563860175115737,1.4422753652462958,1.186386188003178,0.5604684280312856,0.2319319039671496,INCORRECTO
img12_aug3.jpg,0.9413439734692817,0.5813344527697606,0.7825101609742351,1.1503366565329562,1.2457877882423745,0.6439312533890417,0.3404799707863352,INCORRECTO
img12_aug4.jpg,1.0442617161046766,0.5460432200514834,0.6884058174223411,1.391187698931691,1.3242284639334319,0.5719535135914569,0.4442556679815467,INCORRECTO
img12_aug5.jpg,1.1628112165407174,0.5592488137915321,0.6854158553468391,1.3879255538184563,1.2231890523395832,0.5598975665252215,0.6146359136674333,INCORRECTO
img12_aug6.jpg,1.058253902739367,0.5538141726028347,0.6753182611150044,1.367458211634314,1.2702247133094293,0.5443129663973665,0.5077058611935721,INCORRECTO
img12_aug7.jpg,0.9137774275461714,0.586706423858024,0.7874888045716685,1.2188366505379624,1.128871956181027,0.6939091854615939,0.471830527179769,INCORRECTO
img13.png,0.25983049617112064,0.6154703813140274,1.8499246579694106,2.479142742045094,0.10960426284890032,0.06369298819970864,0.1772435347333828,INCORRECTO
img13_aug1.png,0.23339414837160521,0.5910801235278189,1.7586666010606102,2.511112207974921,0.22738940243525305,0.027018441406871898,0.13906625629350655,INCORRECTO
img13_aug2.png,0.2545832744947533,0.5969839233750228,1.7168609464454119,2.48806315781979,0.22684590688549652,0.06053876710241296,0.15316244048032998,INCORRECTO
img13_aug3.png,0.25983049617112064,0.6154703813140274,1.8499246579694106,2.479142742045094,0.10960426284890032,0.06369298819970864,0.1772435347333828,INCORRECTO
img13_aug4.png,0.2786827661187256,0.5833575293783171,1.7523350263845792,2.590522096473044,0.2106526050871747,0.06493503359375356,0.11464234327161844,INCORRECTO
img13_aug5.png,0.2334421228818369,0.5979898525423567,1.8256979606846322,2.4891484589459587,0.1359031097659762,0.08390120545761637,0.1605546523202098,INCORRECTO
img13_aug6.png,0.2323192676854941,0.6049303360504357,1.8383399081812823,2.549852404865336,0.11554097384119617,0.09625598119556203,0.1458383207535701,INCORRECTO
img13_aug7.png,0.25854055285513416,0.6087424090917681,1.790553838221741,2.523186159980768,0.10226722604876337,0.049049354409779346,0.18431134716769412,INCORRECTO
img14.png,0.227293509774914,0.8245244387061599,1.50508049457077,2.401403346132395,0.9431448524140864,0.16801746913754903,0.03440430363736057,INCORRECTO
img14_aug1.png,0.22535359677283087,0.7808522022095195,1.5814764963715258,2.6306862611100232,1.1108557517456945,0.2338175807029196,0.007722198112831449,INCORRECTO
img14_aug2.png,0.18812144588863713,0.8650168438561094,1.7124074702985324,2.787169453017112,1.1099088879802599,0.20073376855451394,0.0704519704145571,INCORRECTO
img14_aug3.png,0.4688322310572112,0.8202112005349924,1.6014820998407449,2.542203417473023,0.9199062926385835,0.20219387313481443,0.1120083464090465,INCORRECTO
img14_aug4.png,0.32078412719148197,0.8025282004449908,1.6565334470715374,2.752263518457938,1.1719584254942421,0.1914674073756681,0.016780106934639768,INCORRECTO
img14_aug5.png,0.2209788191519775,0.7871250357646764,1.5047480912285336,2.660197228294984,1.2331616777733885,0.2186863235792248,0.060546461858767844,INCORRECTO
img14_aug6.png,0.7084377592744817,0.7581100642151718,1.4310461071409248,2.310950522959368,0.8868449999871414,0.19148484613256245,0.10328311077190463,INCORRECTO
img14_aug7.png,0.5314078931315447,0.780197821255391,1.526698049913255,2.42212898127809,0.9501494249128432,0.11723628977143348,0.032767447048595875,INCORRECTO
img15.png,0.3247803870958045,0.6626079916214134,2.050914333118245,2.9660664920994506,0.6338111030371967,0.49183766573760923,0.037948370285959016,INCORRECTO
img15_aug1.png,0.23209903249528366,0.6850846271317171,1.9380106493536842,2.9056957927893587,0.5292167235712497,0.4845560694595148,0.045422912952168326,INCORRECTO
img15_aug2.png,0.2508794115171319,0.691328818020709,2.182141939161942,3.1482831403484943,0.6659917277222879,0.5484002448613146,0.084588804549706,INCORRECTO
img15_aug3.png,0.31761772920241077,0.7014799494431767,2.144925273904329,3.0174305848685172,0.6359718174547043,0.5720422602450572,0.1618572249023691,INCORRECTO
img15_aug4.png,0.22526343596418183,0.7029302577115053,2.1559749381388644,3.128859804232502,0.639749587559598,0.4751203251589866,0.08368328235759927,INCORRECTO
img15_aug5.png,0.296043523634547,0.6681754554840249,2.0166319141907887,2.9650999456538574,0.5649089375867064,0.5101193457968127,0.04194942611114707,INCORRECTO
img15_aug6.png,0.2505115502277238,0.6848832927815681,2.086486815209475,3.009300292118301,0.6476622248764732,0.4565353753442354,0.03165744748457502,INCORRECTO
img15_aug7.png,0.27592858992701474,0.6747790480502085,2.020769021478276,2.923674141406259,0.5428660820534783,0.4880005481266856,0.04679574096656902,INCORRECTO
img16.png,1.016736116577642,0.7128269339803577,1.9191995124560066,2.618641066680438,0.17170586612438937,0.30141465575455884,0.8696138666015965,INCORRECTO
img16_aug1.png,1.0371857666246327,0.6616171235359529,1.8033051183898,2.4688230442212267,0.3397619494757028,0.19211236915702956,0.8292430989926565,INCORRECTO
img16_aug2.png,1.0926115575304947,0.677125880732058,1.8948730621876226,2.634448943002898,0.15202027113473543,0.2959632873787908,0.9096011216083849,INCORRECTO
img16_aug3.png,1.0246249911016683,0.6617328310599266,1.8309351548313915,2.446002341813483,0.19441262327906886,0.27164173234294625,0.896201908275613,INCORRECTO
img16_aug4.png,1.016736116577642,0.7128269339803577,1.9191995124560066,2.618641066680438,0.17170586612438937,0.30141465575455884,0.8696138666015965,INCORRECTO
img16_aug5.png,1.4270948359668794,0.6857246249349682,1.9552174452108424,2.548050194994741,0.1208848960428448,0.3536537944010451,1.3517336685717818,INCORRECTO
img16_aug6.png,1.3261962743887707,0.6488962191176982,1.8204539798834911,2.359563486232848,0.20667439474627536,0.2432024181626791,1.2021557734686332,INCORRECTO
img16_aug7.png,1.218265789202136,0.665699907351466,1.8844264134022988,2.491708951055907,0.13286825506889685,0.2064005426593656,0.9501453188233357,INCORRECTO
img17.png,0.19353390136765156,0.7734290124388492,2.608109233816729,2.9754615446937405,1.142025014355322,0.6412193866137549,0.08684721020455624,INCORRECTO
img17_aug1.png,0.17790274602625003,0.7902049607092213,2.637247385757602,3.0421474685114336,1.1834581651320453,0.6270234755160435,0.06535871319000282,INCORRECTO
img17_aug2.png,0.26272726037875765,0.7754420050022512,2.5528273817688194,2.954882992520441,1.1399494180502454,0.6261213626018884,0.033304864064341244,INCORRECTO
img17_aug3.png,0.3338869783577946,0.838741049764992,2.7533416490291254,3.1441166949812422,1.1987633944471374,0.6924025818518875,0.092920496429711,INCORRECTO
img17_aug4.png,0.2986647921297706,0.8260097376620927,2.7412063408898586,3.169276389783517,1.1943567860043298,0.7110376551378649,0.17634352679146756,INCORRECTO
img17_aug5.png,0.2325012097935365,0.8000743537477204,2.7595224555025486,3.199520771971981,1.348130754365265,0.45594117417605395,0.1316798633212335,INCORRECTO
img17_aug6.png,0.19353390136765156,0.7734290124388492,2.608109233816729,2.9754615446937405,1.142025014355322,0.6412193866137549,0.08684721020455624,INCORRECTO
img17_aug7.png,0.16147483823419317,0.7474931408748924,2.478478362619534,2.82842203048052,1.257026928695299,0.3711578121778229,0.04590361088095147,INCORRECTO
img18.png,1.1941890783310003,0.7806538115228993,2.07772733189398,2.6522486276327943,0.2879346771376397,0.21071012740558526,1.1369644501760607,INCORRECTO
img18_aug1.png,1.190973534443623,0.804760392332379,2.1421314640736555,2.7378363026276826,0.2929273084739619,0.19457273561921076,1.1335949187545569,INCORRECTO
img18_aug2.png,1.1769554746162343,0.8125013911792173,2.2373339038331075,2.84903940489082,0.2669378835135228,0.17462440127076442,1.1233892685485152,INCORRECTO
img18_aug3.png,1.1606567909679473,0.7826294761662226,2.114216653204431,2.7638640257885903,0.4086068001907587,0.10215415908308347,1.137729738132489,INCORRECTO
img18_aug4.png,1.2383470167785657,0.8208443938825959,2.2049850689896933,2.802396888072239,0.2610856770822342,0.20137581743947058,1.15747194652374,INCORRECTO
img18_aug5.png,1.26914545276405,0.809775557987541,2.1899000396270996,2.8017722264098883,0.2624361289877665,0.2202975535904211,1.2099900393082377,INCORRECTO
img18_aug6.png,1.2365227519125497,0.7865834601310872,2.104996719986823,2.700777229726467,0.33331629466563906,0.13601922337563768,1.1862911707591355,INCORRECTO
img18_aug7.png,1.1712417023763333,0.8061382279459393,2.1641744406388006,2.7451119643897757,0.25507570476652025,0.19363268955151025,1.1172858944864288,INCORRECTO
img19.png,0.44321847697084427,0.811370106354921,3.718354392549223,5.38221979078336,0.7357392066641882,0.9365926160073405,0.1804971136053916,INCORRECTO
img19_aug1.png,0.5232372977422488,0.9577150629130713,4.13574563765271,6.088330519387481,0.8457871571658506,1.1988943110775963,0.3639157974660134,INCORRECTO
img19_aug2.png,2.939688329612376,0.8795180286369428,4.21543729408771,5.889692068619194,0.957586203506065,0.7539395199044472,2.4395357247647205,INCORRECTO
img19_aug3.png,0.47667997962594527,0.7649632589094826,3.1820372986362786,4.707215791398354,0.6371191885740101,0.841588261758815,0.3112755849132289,INCORRECTO
img19_aug4.png,0.5025899516462591,0.7943909570289585,3.5365257582756233,5.339037044918068,0.6951683487758199,1.106116285148465,0.45772923809197136,INCORRECTO
img19_aug5.png,0.6536238968339603,0.8142963852677214,3.4600050038920616,5.205446890283045,0.6610655613454574,1.3104400749630847,0.571591781708159,INCORRECTO
img19_aug6.png,0.5626055647670904,0.8124492929036699,3.252567250645032,4.530283833921954,0.8338991297141491,0.39649061960386833,0.4275736868699146,INCORRECTO
img19_aug7.png,0.3980542208405604,0.7960115676107888,3.4975153706720876,5.3708598361550735,0.7727383864381872,0.9162009327017604,0.2712567200086184,INCORRECTO
img1_aug1.jpg,0.30231084076329157,1.0041241351485706,0.8220092638746872,1.5864291515436586,2.7299086347200663,0.36413864258709,0.1019014235185511,INCORRECTO
img1_aug2.jpg,0.24244106666935533,0.8672427663056895,0.8633472389528489,1.5658878942364933,2.892876223234132,0.3059045317479371,0.09004293930493258,INCORRECTO
img1_aug3.jpg,0.2625700577569068,0.9705143072485082,0.742779701215603,1.8487520623041123,2.5775526946185883,0.37022252836204267,0.10422162409629179,INCORRECTO
img1_aug4.jpg,0.2815773232212183,1.0376731927786909,0.6876996656572868,1.546282978244876,3.111550447607131,0.5083822997112751,0.2222343548027738,INCORRECTO
img1_aug5.jpg,0.24915471139237666,0.9981567273430603,0.8110046879233599,1.8195990427898603,2.863270101844772,0.48808202205252277,0.09252801058403883,INCORRECTO
img1_aug6.jpg,0.2759194294610848,0.9295131538950838,0.7849281300711122,1.6083554385311696,3.2882531954383785,0.5441432015570685,0.17116696688710165,INCORRECTO
img1_aug7.jpg,0.3168233303885312,0.9092608991830333,1.0112539780860132,1.81535352820195,2.927837247337231,0.6917148463305118,0.135707166979415,INCORRECTO
img2.webp,5.302566395835517,1.34494913576657,4.626875056944643,5.178213364135018,1.0702036361892044,0.9597027278306287,1.374253490274917,INCORRECTO
img20.png,0.5287866334711133,0.7197498350405072,2.1423292721958282,2.971937398976136,0.5414640252510519,0.08004239372585009,0.12546492318728306,INCORRECTO
img20_aug1.png,0.48815387812845173,0.7171888939931467,2.2634656139309546,3.1123518836889263,0.6189304592571825,0.028762593466875132,0.08154252478715913,INCORRECTO
img20_aug2.png,0.4966710392492359,0.6908113982064902,2.147693449117628,2.960247585897955,0.5370158889292662,0.05352530033676916,0.11335553863419279,INCORRECTO
img20_aug3.png,0.5247052588357373,0.6855468002760471,2.1231994632088766,2.9607177920978525,0.5896787234015427,0.06605545278505684,0.1717009136203873,INCORRECTO
img20_aug4.png,0.5022278522136496,0.685126355116529,2.200566872617256,2.933015057462037,0.5172231318794209,0.03546982206746989,0.08621050866837435,INCORRECTO
img20_aug5.png,0.45837533849854883,0.6469830788317524,2.2200354468865795,3.017660036688907,0.5577465331932576,0.07690511225493521,0.05061901892620212,INCORRECTO
img20_aug6.png,0.5279631010863728,0.718527593782662,2.2258867823573243,2.890350794637116,0.538784676677713,0.06815102775296585,0.09973464231262123,INCORRECTO
img20_aug7.png,0.5403697471461546,0.6914161892748248,2.1831986907864898,3.032279766436863,0.42493567195405424,0.24132764753720234,0.19957462958104707,INCORRECTO
img21.png,0.18239890345571888,0.808112792149353,2.517985877339035,2.8279719170771362,0.2523192369950213,0.6807093950038098,0.16903940366907835,INCORRECTO
img21_aug1.png,0.19641776859248525,0.8463087161301214,2.4503916199712337,2.9258299253364757,0.18872248745867484,0.7186146728410713,0.15696745301064932,INCORRECTO
img21_aug2.png,0.1558062161395278,0.8046700262455785,2.4755879408923955,2.980467078910585,0.2445124194682629,0.6930488061933406,0.14576642197032053,INCORRECTO
img21_aug3.png,0.19699238278360034,0.9457102986910412,2.8834631841001563,3.274169262444546,0.30252057946484073,0.6591902203377629,0.13398998872409965,INCORRECTO
img21_aug4.png,0.1790959811548435,0.797416308865635,2.5216921985670684,2.932731172412542,0.25840186435800977,0.6823982980576033,0.16128568496120277,INCORRECTO
img21_aug5.png,0.29022064535155145,0.7704992377048457,2.2727318965560457,2.7929564082056113,0.2601269326626476,0.6075240383420607,0.04720016353329585,INCORRECTO
img21_aug6.png,0.21865580984184832,0.8128077270853551,2.4364376377734547,2.810396150679848,0.115251263887867,0.7645867664979207,0.038100296778223464,INCORRECTO
img21_aug7.png,0.31491536560498445,0.8113493273984108,2.553202262350284,2.9922776693110213,0.29079054116243724,0.7181998511507598,0.3120481936746459,INCORRECTO
img22.png,28.494580253005257,3.6577773606821284,7.760378339212938,13.304750293173896,6.208122772645078,4.876489965057668,12.557903659542761,INCORRECTO
img22_aug1.png,35.66934331928081,4.207947633270408,10.255655078744349,16.433663958460563,7.944988106866438,7.089691548782949,12.064890199832941,INCORRECTO
img22_aug2.png,9.23133506946197,0.6963851120463579,1.5620444437099985,3.673026424784356,1.2124087607992324,1.2252751290568444,2.941993148811268,INCORRECTO
img22_aug3.png,10.830710022189434,1.7292510457305472,3.4387168001723554,4.270001431736615,2.2664092463175045,2.083442523727679,5.330576602035195,INCORRECTO
img22_aug4.png,11.002283434763516,0.9374772290697544,2.5149641652311625,3.9208274834459793,2.0843660920255984,1.4575078709997238,4.353380429257866,INCORRECTO
img22_aug5.png,7.497770160252999,0.32605888515546877,0.8370485485287135,1.5133190111379236,1.453440965514465,0.7549146493270797,2.624145654456158,INCORRECTO
img22_aug6.png,7.998715482235926,0.1927659167691658,0.40218440915317416,0.7034036434676699,1.4535635010209573,0.1194311150943935,1.773257538023758,INCORRECTO
img22_aug7.png,30.1301939171956,3.8688048642154462,7.942096120097408,12.874088982482844,5.298750530325643,4.885553940556132,10.87441145199901,INCORRECTO
img23.png,0.9064473010804539,1.755210788169304,5.050001660630668,9.528449560034277,1.7084570520185935,2.9976850927595047,0.06167482935820888,INCORRECTO
img23_aug1.png,0.7514251634140349,1.7877509177463498,5.656342697470443,9.211861040303424,1.5619265966077418,3.4691730939449537,0.025907891511780527,INCORRECTO
img23_aug2.png,2.998830169096324,2.201135059950407,1.1649486440309405,15.769302967758481,2.99323651186953,0.7991218790602597,2.0327850073507463,INCORRECTO
img23_aug3.png,1.279846225537183,2.4456178946471634,7.370640178889027,12.803326274237383,2.945989687477843,3.88682334597487,0.3036258665865739,INCORRECTO
img23_aug4.png,0.8164949746762271,1.8242082952432566,5.679989163507053,9.559290096071653,1.5378989387067357,3.5372259172377416,0.14901057098320628,INCORRECTO
img23_aug5.png,3.995048144936414,0.7380683699625481,18.72314316662194,29.408544196292866,4.401560962333912,13.086760313963682,2.1868984421874442,INCORRECTO
img23_aug6.png,0.6129716875394512,1.421138840149229,3.849737310777998,6.635731927800634,1.568358921519404,2.4480696194399627,0.19207293281144688,INCORRECTO
img23_aug7.png,1.6317086103705865,2.4785068107517443,1.933995957080146,5.016633873620276,2.8183771333015657,1.5466913260777029,0.24474413589669297,INCORRECTO
img24.jpg,0.40731457663183446,0.6195953451055746,1.8204000320675222,2.6040634092457866,0.10339695842171664,0.20639148545225097,0.14227795280872102,INCORRECTO
img24_aug1.jpg,0.22733151567587048,0.5878184548522914,1.7512010006784795,2.3955771220737283,0.07549696121078601,0.20943183718442004,0.09124804173683283,INCORRECTO
img24_aug2.jpg,0.22520525688400578,0.6449689692586051,1.7796484193045823,2.804756986228828,0.17520488253438046,0.304860451361204,0.07546317104083244,INCORRECTO
img24_aug3.jpg,0.30462773676761457,0.6459906771843562,1.9019411066790288,2.6258916460295847,0.11931532215711656,0.2352731453397349,0.07790258227655623,INCORRECTO
img24_aug4.jpg,0.11658131161374276,0.6274061504041956,1.951584580650797,2.8811837930944186,0.18769765502328664,0.17214073097995627,0.016410357707755407,INCORRECTO
img24_aug5.jpg,0.15058466240436805,0.7426101388134253,1.6986509079096679,2.831636195074919,0.3472341128536023,0.31536991083945165,0.005917202135686283,INCORRECTO
img24_aug6.jpg,0.2578917244941013,0.7138697042292652,1.9339299451840788,2.798338832726661,0.25688512987051454,0.2277526792201354,0.12380071676962354,INCORRECTO
img24_aug7.jpg,0.28576717422506903,0.631086226020904,1.7642541485651766,2.512879420719473,0.09422344911444938,0.12644258076572196,0.10311831138269634,INCORRECTO
img25.jpg,0.44272267253948405,1.2305263180991541,4.103645765753659,4.858341685935289,1.4931654907861052,1.267794454130673,0.21369956306929547,INCORRECTO
img25_aug1.jpg,0.36972835192091713,1.2377110613943856,3.8415982766339085,4.564258096057403,1.5722734360610906,0.9617681023504164,0.044753765800185814,INCORRECTO
img25_aug2.jpg,0.39305793029984215,1.3586323542376406,4.096560558118563,5.0480856143047825,1.6239707633045426,1.2501568299285932,0.29968109067464593,INCORRECTO
img25_aug3.jpg,0.7356183775747539,1.1392693372416016,2.801169059044688,3.899013744740177,1.39848544091858,0.5925931135075343,0.6680709073611526,INCORRECTO
img25_aug4.jpg,1.3085881232528866,1.4445516482186234,4.265994457542026,6.279445761825527,2.3786888846486605,1.4444428435466197,0.44098941414496534,INCORRECTO
img25_aug5.jpg,1.1174144754608752,1.346156924249289,4.126643642526391,5.022943489164206,1.8242032642508539,0.6366330323883157,0.08238517791656066,INCORRECTO
img25_aug6.jpg,0.02818660481831538,1.206378131785072,3.5113205296717838,4.225297928777743,1.47746063415346,1.156548400447143,0.005924687347330055,INCORRECTO
img25_aug7.jpg,2.143199584199196,1.1867006616929843,3.50058784076964,4.9570094167805046,1.721005567769722,1.1751929598795015,0.5483697969132668,INCORRECTO
img26.jpg,0.4120301171633893,0.6765064696346846,1.9086653774874651,1.8071790225143227,0.29391299174577934,0.16223051899614804,0.22122267167626816,INCORRECTO
img26_aug1.jpg,0.46542554516847406,0.6137032444352492,1.7578478521529504,1.652394656510985,0.31150937447390714,0.061424525390146006,0.1062917475921628,INCORRECTO
img26_aug2.jpg,0.2767604780984221,0.6793985451975314,1.8787985748768434,1.7503257579362974,0.284496247670715,0.16309864438006838,0.18302502550306934,INCORRECTO
img26_aug3.jpg,0.32618244790434897,0.6644432653253671,1.8586839238418589,1.7463994697364043,0.2866888711239536,0.11186401165062157,0.08372013595712385,INCORRECTO
img26_aug4.jpg,0.5013173096945228,0.6534542280895445,1.8270751833478323,1.6928945007875644,0.354627900040986,0.10672241208282596,0.11672446589437592,INCORRECTO
img26_aug5.jpg,0.4009639271869383,0.6798091696021447,1.9175982183384082,1.760284087596758,0.29537298977696247,0.006353377358363612,0.06248968252705709,INCORRECTO
img26_aug6.jpg,0.25568121511313086,0.6459667453242508,1.8512540757190477,1.7390473277602365,0.29812423903430935,0.08211820850734536,0.04768419694934268,INCORRECTO
img26_aug7.jpg,0.42537380310690565,0.6619969473563481,1.9038056582427996,1.6887676596252468,0.32778235296145825,0.11533863563333646,0.19517568741011418,INCORRECTO
img27.jpg,0.17507367820104291,0.7685446454546354,1.4519464782239282,1.7436996874222317,0.7570751538354927,0.08986149985318528,0.07105410401079697,INCORRECTO
img27_aug1.jpg,0.0708491540563306,0.7651822384226626,1.5260785550840983,1.7644394594642754,0.730206788264267,0.12436753601249881,0.035255889989492625,INCORRECTO
img27_aug2.jpg,0.1052355676859489,0.764008203606711,1.4415138389740756,1.7221454999239687,0.7822478517474639,0.02432273107202039,0.07788968169494984,INCORRECTO
img27_aug3.jpg,0.16349326632031558,0.7506184414486409,1.4557770114613042,1.7317947943093468,0.7973480335786088,0.053684746385145976,0.09122245666207399,INCORRECTO
img27_aug4.jpg,0.16467458668523474,0.7579557753039053,1.4434281150787893,1.730091326869781,0.7590888221015301,0.07220411858308713,0.10472710057935507,INCORRECTO
img27_aug5.jpg,0.12774912359586216,0.7521019298647956,1.4528155680119197,1.7320389364217301,0.7537347306435765,0.0634035409587399,0.03448151407016028,INCORRECTO
img27_aug6.jpg,0.08228853464996612,0.7413709318878668,1.4825039299047973,1.7203566131127643,0.7461159871753936,0.10647357264265575,0.025534098882021808,INCORRECTO
img27_aug7.jpg,0.0892088678824506,0.7263088004527143,1.4351565835261446,1.7067852794113059,0.7535126556894469,0.13164275499353922,0.04354480757810771,INCORRECTO
img28.jpg,0.4059665370035941,0.8522071650714613,1.5778767615289682,2.495718789365926,0.9711645277870058,0.6157453910225478,0.2820977055521288,INCORRECTO
img28_aug1.jpg,0.13754889350517108,0.8585044175860364,1.8460265500339736,2.3966167103689284,0.8493744279788662,0.8763427451992462,0.046181126345456874,INCORRECTO
img28_aug2.jpg,0.741362269112856,0.9035223342307386,2.2648746929725903,3.6096627707931814,0.8334273441068505,1.2588200027326646,0.7090438896893051,INCORRECTO
img28_aug3.jpg,0.38744988395550073,0.9031722332133153,2.646383560490733,3.598464286207695,1.0128060996305415,1.7060822835235268,0.263902581983249,INCORRECTO
img28_aug4.jpg,0.8916214498705894,0.9766271727769155,2.7025762241944093,4.622913819375894,1.0205892427082517,1.349831366900255,0.8799281898740116,INCORRECTO
img28_aug5.jpg,0.17076065188976727,0.7389029006264125,1.5579930957469141,2.304507528224974,0.7186754577434373,0.3872338630646858,0.12227312720427506,INCORRECTO
img28_aug6.jpg,0.2929441608904235,0.8820263170321502,2.6433066652395505,4.336337852625742,0.9223876085142511,1.5635297416400995,0.28571040227999006,INCORRECTO
img28_aug7.jpg,0.1939375841518484,0.8374868247550442,2.0945172267782555,2.532678471875584,0.9347903437973814,1.0346126138945297,0.01219166074245413,INCORRECTO
img29.jpg,0.4449539444034398,0.7941435124655124,2.4726573020530727,2.2772351749827733,0.41929720016636124,1.8082418944432779,0.44072245342156563,INCORRECTO
img29_aug1.jpg,0.45188796499027567,0.7507076840704335,2.530195662972875,2.2289473528318178,0.3735338822209607,1.8521697634967706,0.43815117158232814,INCORRECTO
img29_aug2.jpg,0.7385665200547514,0.7515181296470423,2.4875941430298556,2.385291784419474,0.4087669658792613,1.950708909315567,0.7357263789296348,INCORRECTO
img29_aug3.jpg,0.5030064171753247,0.8225169514120599,1.942399599293114,1.5218721979723775,0.43753583233301746,1.5079737539144844,0.4996025431032192,INCORRECTO
img29_aug4.jpg,0.36563247100026536,0.8184770270059957,2.2476387994883082,1.9280408185658895,0.3920938164858179,1.740009592374997,0.3566148316428832,INCORRECTO
img29_aug5.jpg,0.4849464352757313,0.8361188492233662,2.4273684241675166,1.8592986767376602,0.39278014972772,1.807791966590749,0.4750213585129667,INCORRECTO
img29_aug6.jpg,0.5352566927633522,0.8216845081290131,2.9928083130155385,2.7831509719203575,0.49479943667962906,2.210441042678208,0.5291595195187022,INCORRECTO
img29_aug7.jpg,0.48405700458179707,0.8128386969143293,2.498261869735441,2.5201516746051285,0.47735219936907164,1.7965149129312923,0.48153050261393804,INCORRECTO
img2_aug1.webp,27.85473038229009,4.845655806790986,20.098492013575125,23.85870122362812,3.2586385936712863,4.9033337932739265,10.112427043956247,INCORRECTO
img2_aug2.webp,9.319550596643273,1.7976994424979216,6.653329763224205,8.005600426390622,1.5009720686150332,1.266578175513371,3.270785201072697,INCORRECTO
img2_aug3.webp,6.6743940077073995,2.081377279719866,8.341251646543272,9.485206071580137,1.665181825941902,1.8169653313028822,1.2844232993058506,INCORRECTO
img2_aug4.webp,35.09884095502497,7.515317790987342,31.514399172583886,37.35947512626339,6.372449959157875,5.926370330941916,11.812091615028182,INCORRECTO
img2_aug5.webp,9.641472547029172,2.3523530405656885,8.668535240855757,9.923474052976923,2.1480999772347866,1.765625148525179,2.2384566285635317,INCORRECTO
img2_aug6.webp,9.112376935079652,2.2716348618528253,8.94709930260017,10.374576705295151,2.046762491476241,1.7089011306572641,2.2803597152355204,INCORRECTO
img2_aug7.webp,10.637414142602392,2.4581683832722487,9.164681475060387,10.78701379470645,1.8207572316457108,1.8156027435869333,3.540535271761089,INCORRECTO
img3.jpg,4.432481630238834,0.3405252186530034,0.35768897135657945,1.649782177650095,0.8465135630655849,0.11785081540884942,1.9398380904775967,INCORRECTO
img30.png,0.3147697997737885,0.649919616797312,2.4086293763819375,3.3983624601265503,0.3604675394766249,0.3924941552896261,0.25007587709598916,INCORRECTO
img30_aug1.png,0.46435905245868314,0.6431594143774388,2.4435787619380385,3.349867509239878,0.3063602841627124,0.47640870524160206,0.42895182225300443,INCORRECTO
img30_aug2.png,0.32128189782609534,0.6667188548790426,2.541258746835554,3.4384747334190524,0.3309467705405609,0.5074866104866211,0.3004860233143114,INCORRECTO
img30_aug3.png,0.3948672892063041,0.6444161455603693,2.403008652303708,3.396795019999141,0.4614018021899187,0.11541936956491984,0.3913135894945497,INCORRECTO
img30_aug4.png,0.3137312047392829,0.6405302339403846,2.4331469480050973,3.322143636317853,0.322294841877455,0.49844527947637207,0.28938837677264634,INCORRECTO
img30_aug5.png,0.09749148193934856,0.6607334114144265,2.413990250178883,3.3851445119427286,0.4296336347598838,0.08034032696280459,0.09744003090514301,INCORRECTO
img30_aug6.png,0.3031682401657592,0.6605585540045223,2.3931597878244677,3.3178024022591646,0.35296429255840006,0.4067830248131717,0.28538720729816286,INCORRECTO
img30_aug7.png,0.3475716434625455,0.6311785447379104,2.4107062771726073,3.2657675087006743,0.32464382454898005,0.3754830227928411,0.3090900969844793,INCORRECTO
img31.png,0.15791201342074057,0.6507823123046329,1.9315031605526312,2.1519065503474835,0.008586816235327277,0.0041932017068909205,0.05941932471087886,CORRECTO
img31_aug1.png,0.13319512337013467,0.6349339565023174,1.9196605681047212,2.1291144896478618,0.003365118490843931,0.026060013225682396,0.04443315778494624,CORRECTO
img31_aug2.png,0.15999838293956656,0.6427595405848947,1.9468893884883636,2.1478441129148202,0.008944306454470427,0.009968296398251955,0.023430244608588616,CORRECTO
img31_aug3.png,0.15486397865410287,0.6192695256789053,1.907197061830401,2.0937404696670447,0.010295940536461583,0.029610125316683885,0.07782424091547246,CORRECTO
img31_aug4.png,0.15830365898717275,0.6270913217122956,1.961774410068899,2.158881591445746,0.007939703176937693,0.06330454920758373,0.04545386112646866,CORRECTO
img31_aug5.png,0.07382594941306492,0.6449375532662978,1.9058179500695807,2.1100321213164883,0.0013400099328253554,0.027491753250676484,0.015966717350500186,CORRECTO
img31_aug6.png,0.0723899015614366,0.6176407797304778,1.9376227501972574,2.1603925589115174,0.06167798496441131,0.10419032810223237,0.02945250005182274,INCORRECTO
img31_aug7.png,0.14031384561573332,0.6266032726839469,1.9638244719615225,2.1583598976559717,0.0030814529257893204,0.07425854383411244,0.012395222815195853,CORRECTO
img32.png,1.0644773525782905,0.9340789051440874,0.896833354755599,2.805677334440342,6.6092794532513315,0.7587900008423464,0.6596055912927975,INCORRECTO
img32_aug1.png,1.466492577622969,1.0910438257266941,1.1112295742730662,3.755834939322469,8.123505212187231,1.0777867909719248,0.7052438300227993,INCORRECTO
img32_aug2.png,1.13458367163324,0.9631919940836094,1.0519191642207804,3.1075381408672325,7.468704384616908,0.9114320499820993,0.7597154051336837,INCORRECTO
img32_aug3.png,1.290380265045122,0.9365548449473665,0.7990893866661566,2.749882733395471,7.1656758632820825,0.7451811781406061,0.9177832565970758,INCORRECTO
img32_aug4.png,0.4398572294937018,0.7689312876976462,0.593210191507146,2.0037626249499776,4.506548595412346,0.4960173915441943,0.2143909765948143,INCORRECTO
img32_aug5.png,1.5276805584419384,1.126057901811728,0.96881473227991,3.146075339942318,8.612757688967163,0.9038266095148813,1.0308607632592168,INCORRECTO
img32_aug6.png,1.2285677057886693,1.0018679851075074,0.985029536415318,3.235309640488353,7.37341870845228,0.8325594572822042,0.9221538694145115,INCORRECTO
img32_aug7.png,0.45653764038236083,0.7541967733357652,0.5836789518094021,2.1116917545582936,4.87012121963069,0.42302204643260805,0.16677483015544892,INCORRECTO
img33.png,0.7353845491866434,0.6567321147212909,2.026421666504519,2.3840976796293836,0.022973657443902933,0.1322181049809211,0.4275724970035198,INCORRECTO
img33_aug1.png,0.9299097129731305,0.6770379982900026,2.04898096504555,2.3730908093161993,0.009261234969209102,0.11748801656898825,0.6523982243293986,INCORRECTO
img33_aug2.png,0.7458603170029812,0.6338896672247791,2.0035760850937905,2.342148020693921,0.017351457954665552,0.12584354886161653,0.43582362666998103,INCORRECTO
img33_aug3.png,0.8717345414496559,0.6724780137173689,1.9842110262474661,2.378995017755207,0.009640929877054293,0.1084594566167649,0.49194440105865345,INCORRECTO
img33_aug4.png,1.2579315949316394,0.6811380565107501,2.0528207054598586,2.450386081657404,0.09596202237003851,0.09403482875207433,1.0531521868989253,INCORRECTO
img33_aug5.png,0.6223421477290983,0.6649523998445249,2.038099934271877,2.4480020915735126,0.09673357106998204,0.08353168878747949,0.2625502203564092,INCORRECTO
img33_aug6.png,0.707659365278313,0.646477513805505,2.0226166422090515,2.413972349970294,0.018508854086431152,0.10015497692788611,0.4241896952699897,INCORRECTO
img33_aug7.png,0.8143747955340116,0.6694489354935605,2.0628031824152355,2.4554572260408163,0.008246435837226798,0.1494315282601316,0.5916468433596184,INCORRECTO
img34.png,0.4218541472942968,0.5546727827150859,1.191896232202124,1.5874920031604516,0.07539250750877245,0.23919193932350594,0.0016943413492100815,INCORRECTO
img34_aug1.png,0.4663607692311611,0.5573703775856063,1.1250554674613404,1.5982357430083012,0.04616269452886571,0.022203784529794848,0.17039474047676587,INCORRECTO
img34_aug2.png,0.389896468337852,0.5611455015657858,1.2769497531012521,1.5921621421081804,0.07374962242215073,0.1392629147275182,0.006040868551823859,INCORRECTO
img34_aug3.png,0.4468801525215535,0.5655936764711226,1.114077377250356,1.572393414986011,0.06784643814945414,0.2393963639629888,0.07066955433868456,INCORRECTO
img34_aug4.png,0.5051157301814209,0.5538391981257272,1.1633484487810362,1.5803528192816616,0.07219302678364926,0.2054049051449472,0.14302493531178073,INCORRECTO
img34_aug5.png,0.4668114980811826,0.5798749412958641,1.1368020149821936,1.5396310281656387,0.06417670274472805,0.3442433609212756,0.03501695958806236,INCORRECTO
img34_aug6.png,0.41640467161869865,0.5656247854011723,1.1864343001017172,1.5686987375739234,0.06120852318299537,0.012084589491572956,0.12136851740470864,INCORRECTO
img34_aug7.png,0.5735189854454015,0.5478270106450072,1.1545502734570692,1.5695568471040846,0.05491819978384191,0.014945964874162568,0.248164074692201,INCORRECTO
img35.png,1.5393804480554343,0.741968800707344,2.4929451737602673,3.4077723596816365,0.7178412287407282,0.536004623536358,0.5834447663099267,INCORRECTO
img35_aug1.png,1.6361434184198282,0.7736114219153903,2.5549802593544646,3.4441175505658315,0.7177729388642269,0.6068800998444052,0.8337252403530813,INCORRECTO
img35_aug2.png,1.4764018673837638,0.7078223360251426,2.3603463293240634,3.306547872268645,0.6479803394115207,0.5751915317701255,0.16595432599228385,INCORRECTO
img35_aug3.png,1.6381378708104017,0.7427816108369304,2.5615540163118955,3.379440838066687,0.5443330505449367,0.922576566878459,0.616587276874492,INCORRECTO
img35_aug4.png,1.6714611849920813,0.7133179853628849,2.4446719189061943,3.30903720301062,0.7205926767859702,0.5452699741221495,1.0946012826116651,INCORRECTO
img35_aug5.png,1.3717911731581722,0.6809948616988111,2.2450423772984562,3.037582311055395,0.6405932358047259,0.43835084513152445,0.213645667193021,INCORRECTO
img35_aug6.png,2.1230848852798316,0.7234342326915888,2.4574041809062663,3.350227051144778,0.7181892294597884,0.4886554934257113,1.6360838901432748,INCORRECTO
img35_aug7.png,1.5580803966479226,0.7410341993665928,2.450863289321003,3.4228911014216257,0.6799348898760089,0.5902557764856589,0.10442509487422084,INCORRECTO
img36.PNG,0.9272133072708834,0.8252361154462685,2.8283047866254787,3.82382829813704,0.7565172779785,0.6468937333064531,0.1258497923677768,INCORRECTO
img36_aug1.PNG,1.1300750189980604,0.7834489427993565,2.577591865352613,3.630646818917271,0.8426035537683993,0.2644182851826998,0.33359343928340207,INCORRECTO
img36_aug2.PNG,1.010523460839578,0.8173715605376085,2.8324901088924426,3.824149671879654,0.7731593356779701,0.6519423507858477,0.1968142496399692,INCORRECTO
img36_aug3.PNG,1.262398875379554,0.8148358641456613,2.705591155188371,3.6679086102915823,0.7184811361142881,0.5904242253336889,0.048126603426401154,INCORRECTO
img36_aug4.PNG,1.0042436009468954,0.784996405678919,2.7525996936383783,3.7362062805262988,0.7595240975027845,0.6414567027066298,0.3952592436739268,INCORRECTO
img36_aug5.PNG,1.217801858478786,0.8026958134931504,2.561490806776877,3.586910037978673,0.821028957711262,0.30209520068673257,0.27872760139333563,INCORRECTO
img36_aug6.PNG,0.9641614115006221,0.8208821760787482,2.8286402155619736,3.9025599338867942,0.797229936441632,0.5641428965435745,0.11507105001437677,INCORRECTO
img36_aug7.PNG,0.9005166136134779,0.7724652938017311,2.536270893938026,3.6039427556973593,0.8341095936864318,0.22911250947026154,0.330970091289955,INCORRECTO
img37.png,2.278542696588463,1.408396951657579,1.045957442749348,3.022062318255447,11.75329347475608,0.8362001025750637,0.7063303142008621,INCORRECTO
img37_aug1.png,2.8774267777328664,1.800832680547312,1.1995342712981623,3.988203204502211,14.090438218043722,0.9916826783135768,1.301447624621896,INCORRECTO
img37_aug2.png,2.238386085407784,2.0006848624922626,1.3552949549681863,3.6616551743074615,13.988728153961713,0.9179610135581497,0.5974052729241455,INCORRECTO
img37_aug3.png,2.1755824471540914,1.8478280006968273,1.0452383749054837,3.41034396746575,12.70389648593269,0.8239670005633927,0.6129772984936178,INCORRECTO
img37_aug4.png,2.152919645937517,1.7513615571155565,1.1614867672832723,3.374151559980166,13.067479769032792,0.884760261367646,0.585252655876479,INCORRECTO
img37_aug5.png,1.7808640555742787,2.09530600019612,1.2983844214135274,4.140502218884586,14.93611914792969,0.9797051908928351,0.5842461565855962,INCORRECTO
img37_aug6.png,1.6987206084240598,1.7300992723494741,1.2218059469508225,3.2644483204089343,13.43356178543237,0.9744971436896867,0.4130660226953794,INCORRECTO
img37_aug7.png,2.0990410352765267,1.968341250384939,1.0046906810844634,4.152804474804094,13.831071586003297,0.7464317260283019,0.5953436714720496,INCORRECTO
img38.png,22.573925408880022,26.94481150998156,36.791586327199944,55.22775727554837,155.0198727674651,14.812959928231242,15.40496035002245,INCORRECTO
img38_aug1.png,16.97480445270331,12.87024496042583,18.30209099745893,27.063666426647746,80.38974194115953,7.657276518986254,11.391298323336358,INCORRECTO
img38_aug2.png,17.030822748294415,16.29437041381682,31.8074588378889,47.07261900191365,131.930557105075,13.10343211126744,9.386320314371217,INCORRECTO
img38_aug3.png,27.6527397908108,26.023465965670127,44.681008339312775,45.33806679243113,148.6564014371178,14.931318581487785,19.666472007498204,INCORRECTO
img38_aug4.png,2.506885944848145,2.392124562969526,4.7102918328150265,6.157416248120306,13.025723591748159,2.256581809686717,1.746194196651018,INCORRECTO
img38_aug5.png,32.61381465192524,27.951615599362103,41.405568156405664,56.88003582711531,177.10175952708417,18.789826932309694,19.765181837228806,INCORRECTO
img38_aug6.png,2.789190206197573,2.5766597184517437,4.376171218549108,6.560915193373936,16.233198136010348,1.8741546406155198,2.108892168764083,INCORRECTO
img38_aug7.png,5.748570914669614,2.18072038741949,3.576120002741688,4.963754845448681,11.495229854589098,1.117666854552044,5.747795160001235,INCORRECTO
img39.png,0.19101126289341588,0.5968535679128956,2.3256327732668103,3.637744820039595,0.13955389710060198,0.13162290388087625,0.035453692117732756,INCORRECTO
img39_aug1.png,0.16914198099047945,0.6237980163160135,2.408771570944632,3.7298523397697143,0.15918311972720445,0.1148938717001246,0.03337321541602139,INCORRECTO
img39_aug2.png,0.15152985203713534,0.6071925923177337,2.3606575955730036,3.611070534343888,0.12845696700716014,0.11207163519823467,0.013122449525134684,INCORRECTO
img39_aug3.png,0.18316324963533967,0.6033355105539213,2.433466158011953,3.6953873323501774,0.15041474849719244,0.14261154729674283,0.05362414668975363,INCORRECTO
img39_aug4.png,0.1436865420724106,0.6283044722236883,2.4748246092840724,3.7517803497470372,0.10470568374732295,0.18482725698465674,0.0022056323533966825,INCORRECTO
img39_aug5.png,0.18660567905806175,0.599103239107135,2.2763904227807887,3.6453273782599926,0.13517195799160822,0.16255332196924152,0.032887562276430915,INCORRECTO
img39_aug6.png,0.1805593723124752,0.6017037474232169,2.3645084100887344,3.663494293770791,0.14772842356485125,0.17775302619175265,0.0402627816422247,INCORRECTO
img39_aug7.png,0.17818427256073838,0.6032021623892688,2.359700058229777,3.6480379177048747,0.1295793629091435,0.15602303603512457,0.03639389296602028,INCORRECTO
img3_aug1.jpg,4.176874453612479,0.3433837855305777,0.49227397436789966,1.5303903128354832,0.8804414725854468,0.17357788466874668,1.7919810509947998,INCORRECTO
img3_aug2.jpg,4.665075648249604,0.3777609549175914,0.4062237504076993,1.3618159851334881,0.8838988060278992,0.1393982718564663,1.9719914872817506,INCORRECTO
img3_aug3.jpg,3.3137164794563887,0.32793181489515455,0.5634883865375837,1.4161578520899583,0.5789906526246903,0.053163948818637646,1.3880182533324659,INCORRECTO
img3_aug4.jpg,3.5152827021046327,0.4037577909241255,0.6456351969507186,1.7066477115238596,0.6760568753557693,0.10577228365417451,1.353362177653856,INCORRECTO
img3_aug5.jpg,4.651736795928118,0.18052704990007418,0.4315797539513464,2.0293514348280093,1.1609642554621742,0.2513653787365629,1.7055377054659766,INCORRECTO
img3_aug6.jpg,4.143623494847322,0.42772134870504236,1.0462299594398234,2.691711812031768,1.2667267547017098,0.2587654367378281,1.5731153964441067,INCORRECTO
img3_aug7.jpg,3.21418689520439,0.3409226315888113,0.9900833542814823,2.4453272850270666,1.0624607972220403,0.17087292303367663,0.9962392908218849,INCORRECTO
img4.jpg,0.22138439895930775,0.6354369822773772,1.7652409161727458,2.4737798081267406,0.09475362435946726,0.06253590799494381,0.02772426730140168,CORRECTO
img40.png,0.14110129143071823,0.6670033143546951,2.582807158851307,3.6216704966617175,0.08224504106566505,0.03633776568975219,0.02535524814383767,CORRECTO
img40_aug1.png,0.15553954664500586,0.6606389198668907,2.5500583103751153,3.6382340686498815,0.08823683517190616,0.049779632198520815,0.03463052423697418,CORRECTO
img40_aug2.png,0.14892928474784808,0.665977811789744,2.556713326098048,3.588868170509616,0.07693114668563797,0.027014909006043968,0.017037518913099778,CORRECTO
img40_aug3.png,0.15376769968093076,0.6712670633513755,2.5526838497953883,3.6483429498223336,0.08035547235918189,0.07806536865914512,0.031016887393627474,CORRECTO
img40_aug4.png,0.16990515132448233,0.6635376268353036,2.59582459100265,3.6528602754609945,0.09439115165897305,0.07775479537837582,0.028203261881787258,CORRECTO
img40_aug5.png,0.1949891005383968,0.6656330260516149,2.6155486530823224,3.6855203717073692,0.1248062495414477,0.07406804985300762,0.02469714078072423,INCORRECTO
img40_aug6.png,0.1586231743442491,0.6710058834068979,2.5468320869384544,3.6455478501716754,0.14369779485314366,0.08836326601291021,0.00873646514539389,INCORRECTO
img40_aug7.png,0.1936535025705977,0.6557954062121393,2.6210511059925232,3.7597631505645492,0.0908349872349243,0.014864577201099596,0.03249725119376137,CORRECTO
img41.png,8.120628349244871,1.9947762422456103,3.791338023114086,7.817983708470445,14.937247787351053,2.256164700173537,0.37921917537184546,INCORRECTO
img41_aug1.png,2.9968671441230486,3.494243789948038,7.681251735049805,15.44158019027264,22.820562757650126,3.821425216321922,2.4300056076971464,INCORRECTO
img41_aug2.png,1.3153592497416946,2.1919615371039476,4.4029816064290985,8.595408426838913,15.151222148297407,3.0301742252362325,0.9222943349736975,INCORRECTO
img41_aug3.png,1.583310744882265,1.4485051221560945,5.023321305187182,7.7318532983151345,11.195355927138403,2.810360522862352,1.0155872848431857,INCORRECTO
img41_aug4.png,2.1123112230473513,2.3492454598690373,5.5386998973692725,10.781164171952202,16.143856666319344,2.73186221044532,1.6103853973349909,INCORRECTO
img41_aug5.png,5.763990462329917,8.854147233269813,18.511210354451816,27.10909434708927,51.97455240946587,8.183568507391751,5.028521311088002,INCORRECTO
img41_aug6.png,9.85663102235394,1.8332757769075583,5.616251307111861,8.953410231578786,13.369404425584802,2.636595801793186,2.0258420982460623,INCORRECTO
img41_aug7.png,9.624378465504567,0.9789616058787808,3.201156142019722,5.187798231027265,6.541318186857471,1.834921006021337,1.68529938241502,INCORRECTO
img42.png,0.8324210870136776,0.6897144654881605,2.326450635436199,3.195823928506796,0.011664279781956265,0.06483996569304076,0.37064156249037505,INCORRECTO
img42_aug1.png,0.8219836025584644,0.6883144226466424,2.294037045184229,3.1618105599495387,0.030751436767309962,0.02248843007598107,0.21601581186514812,INCORRECTO
img42_aug2.png,0.8334288600703187,0.6851535944359034,2.3019170970028657,3.1664390609146538,0.02427425908216787,0.06265817875784947,0.2783657708293485,INCORRECTO
img42_aug3.png,0.8240107862828773,0.6955971183457322,2.320808853172065,3.195341953513671,0.0016711579805269725,0.018488339948521233,0.2765137801938566,INCORRECTO
img42_aug4.png,0.8392740637672549,0.6953725267951719,2.3284754260516034,3.2355644369143377,0.04680073109118714,0.14005045556935236,0.1235281390003379,INCORRECTO
img42_aug5.png,0.6576073559624614,0.6552704602750786,2.2886016522250023,3.115278494345634,0.013944676100472961,0.05835254694633415,0.2995082459655102,INCORRECTO
img42_aug6.png,0.8488153762076318,0.7001699365905286,2.265008210576376,3.1585176407246163,0.025297190534486445,0.032503961057926564,0.33627268612101313,INCORRECTO
img42_aug7.png,0.9464935557002832,0.6867779492462167,2.316663494088199,3.237675864154233,0.0061675292630658865,0.05419983397216024,0.621763948044703,INCORRECTO
img43.png,0.165756651989219,0.7161406385856915,1.9949947812837656,3.4460690531197025,0.005458468672754387,0.25017288663620585,0.013506128964063427,INCORRECTO
img43_aug1.png,0.18677523392695114,0.6880289932640183,1.9931220587400371,3.4450490858136114,0.010882390378743887,0.17937548880671894,0.0033829380675983785,INCORRECTO
img43_aug2.png,0.19219098297658055,0.7094822425876033,1.9811403925468212,3.445231363299419,0.011303906064525615,0.13195036330102375,0.032579302139946885,INCORRECTO
img43_aug3.png,0.168842957672778,0.695092507074114,1.9696045468265353,3.464772006988017,0.010153749759158677,0.15629844402402343,0.009771411727052119,INCORRECTO
img43_aug4.png,0.18480272631358763,0.7018306337469209,2.0189582657519565,3.483294591685363,0.026871546775994497,0.18161664746656303,0.003410820311952551,INCORRECTO
img43_aug5.png,0.245510481040768,0.6521073892620384,1.8794061183195738,3.458503358101594,0.033991278295167494,0.12920905122004442,0.011379147699066753,INCORRECTO
img43_aug6.png,0.7252621793094067,0.7049429243351759,1.9898512050659587,3.505130742248173,0.022837037865433688,0.07540731152789519,0.21828115272379991,INCORRECTO
img43_aug7.png,0.1389238030409815,0.6876372152914859,1.9271191561201577,3.3444908957210497,0.0007897948793321922,0.055027191622399316,0.010414204827069744,CORRECTO
img44.png,0.8204301939675396,0.6750893574451443,0.8653745491348542,1.874160395903681,10.294391289924324,0.7705242996216405,0.696714502971665,INCORRECTO
img44_aug1.png,0.8953975286702136,0.3240694974422744,0.2560226983265796,0.5519643702832857,7.167805260922015,0.25113660979832314,0.5388118418923507,INCORRECTO
img44_aug2.png,0.8512611894254409,0.5839534712547707,0.6457860847856862,1.3660504234897977,10.051657449301022,0.6090705442618125,0.6741882695273659,INCORRECTO
img44_aug3.png,0.9056191444872431,0.8248737196043535,0.9025178469567837,1.7220099896082182,12.182250613278452,0.8317532274839485,0.7193357222245801,INCORRECTO
img44_aug4.png,1.1113512473077283,0.8776017085225787,1.2012923259821682,1.504483888074593,15.012441708413705,1.0396789756802574,1.022184132753982,INCORRECTO
img44_aug5.png,1.8844252349805286,0.846220632050103,0.8075839552693884,2.04154202842367,15.845781576129733,0.8034802960613978,1.4236924368939208,INCORRECTO
img44_aug6.png,1.3116326788646688,0.8447087730360497,1.191851477889225,1.582915224613665,15.699263349525104,1.120959252003509,1.1245731738422053,INCORRECTO
img44_aug7.png,0.7807878516602887,0.574195275823648,0.6950955030789012,1.074493258961865,9.695926585657531,0.6842939515624893,0.5199999546794499,INCORRECTO
img45.png,0.9798613530328062,0.5835742899489543,0.7153918973001604,1.3042474109996516,5.636991575065163,0.6746618612484939,0.31844714962099246,INCORRECTO
img45_aug1.png,0.8405011235936196,0.5090754059795187,0.45180133092325037,1.0384385057995846,5.306158382394998,0.44458545875747446,0.38114655943891573,INCORRECTO
img45_aug2.png,3.0199303979217453,0.619012320035137,0.5954448602579011,1.0281821249489622,5.993084503874063,0.5664159339470402,0.8391111814692027,INCORRECTO
img45_aug3.png,5.536872909238842,0.4399350378796342,0.7182140725543829,1.3554054478511197,4.685279507110288,0.6640737805926349,1.8476499583258181,INCORRECTO
img45_aug4.png,2.599892027744542,0.5825192927897119,0.7058192970552378,1.1940979863605679,6.031040275586728,0.656557966919996,0.568523051024967,INCORRECTO
img45_aug5.png,3.5099334474047876,0.3828626575378713,0.39231769732107347,0.9647241544791267,4.495746855058358,0.3803922546827148,1.2295454079996033,INCORRECTO
img45_aug6.png,2.7353520878641335,0.5744195158990617,0.6180038616108233,1.0817674000047939,6.023289386840419,0.5803832402984747,0.8619981196052696,INCORRECTO
img45_aug7.png,0.9684541682723488,0.43535263660433,0.3817911257740943,0.6673644962928105,5.513450962859468,0.3817344480545284,0.5884003405601731,INCORRECTO
img4_aug1.jpg,0.23269155164003197,0.6171765513007892,1.6920817536845596,2.4722510204728407,0.09545672958568924,0.09233482559078852,0.006805712305351177,INCORRECTO
img4_aug2.jpg,0.26644944204423116,0.619088329281379,1.6651955470176714,2.4815443217855906,0.08972684471648844,0.08300425216100521,0.019600495862038374,INCORRECTO
img4_aug3.jpg,0.1683373671050022,0.6451493634408572,1.7224673042746241,2.484128968675431,0.11968322683102346,0.06820377809667286,0.006723781375551344,CORRECTO
img4_aug4.jpg,0.22077726757405666,0.6338162171092377,1.7329951514491704,2.422540670872794,0.07978904602882687,0.08505146371663308,0.017818312476857542,INCORRECTO
img4_aug5.jpg,0.23283088788893086,0.6287955632143367,1.6879919479197139,2.471008067861807,0.08711829119876091,0.07344106296641376,0.033070606076531624,CORRECTO
img4_aug6.jpg,0.23920245620086442,0.6320063809432502,1.6572755823325143,2.4275146732914936,0.07851600188374447,0.10872461902858123,0.042474139199267784,INCORRECTO
img4_aug7.jpg,0.2400392992917593,0.6231765413420971,1.6791146385347602,2.4616270923362946,0.08985340999913341,0.0676457904904312,0.030107758783014204,CORRECTO
img5.jpg,5.446518499496485,1.7875615937403964,8.455200733474427,9.876361048928006,2.2758568704966597,1.3205453184012845,0.022242787394490614,INCORRECTO
img5_aug1.jpg,5.067840397880976,1.6582338272685666,7.576985037085481,8.931795518925105,2.0920607670253397,1.2695116958858457,0.11514473636126361,INCORRECTO
img5_aug2.jpg,3.279252910786193,1.3813325320493823,6.369188578443886,7.307952984898612,1.641056076061241,1.086125651710919,0.00477347994811269,INCORRECTO
img5_aug3.jpg,7.980018662539464,2.733638407665619,12.876397688580415,15.220044055053304,3.414118929910471,2.150250126735623,0.018638695298651968,INCORRECTO
img5_aug4.jpg,5.682146096643166,1.882992662234426,8.907020647925602,10.436420263226683,2.7508271770926354,1.077225253905423,0.2683468557911998,INCORRECTO
img5_aug5.jpg,7.365540509976568,2.408453740661926,11.731114786740697,13.80001855109398,3.131337718769224,1.858590268459643,0.095719379334172,INCORRECTO
img5_aug6.jpg,3.551088064954704,1.4701304722180228,6.430609512367468,7.642108926174765,1.6385559647463017,1.0460337707561498,0.21027771407160767,INCORRECTO
img5_aug7.jpg,9.704121443681007,2.619883904897365,12.835084490992163,15.088650107812995,3.4184176459214712,2.0122000380086584,0.35228517752407196,INCORRECTO
img6.jpg,0.2096866386651999,0.7576410495295345,1.8964150201019274,2.4127981265966763,0.4063709894045803,0.18761676763262916,0.1191198458802583,INCORRECTO
img6_aug1.jpg,0.0984125010184043,0.7698304398015989,1.9056827229684166,2.457249833980351,0.3851385975728698,0.13563826384675398,0.0932082491648512,INCORRECTO
img6_aug2.jpg,0.17946034619605988,0.7783389389191521,2.0461521405040273,2.4541416804275733,0.3259049725135203,0.12401758671326771,0.13482394177351623,INCORRECTO
img6_aug3.jpg,0.1661667463797162,0.7650531867804224,1.9445881724079321,2.4707847146552937,0.42204332614074647,0.19842004175264427,0.10955835740507631,INCORRECTO
img6_aug4.jpg,0.22939986199933585,0.7878033528633377,1.992072772683576,2.4281621416005437,0.4713214732262721,0.24233317335817572,0.17542157803854574,INCORRECTO
img6_aug5.jpg,0.21148283778383156,0.7818506744016329,1.9337209115692535,2.375246852870323,0.3795252281048186,0.13385723010772085,0.14649272342465278,INCORRECTO
img6_aug6.jpg,0.2052404238305307,0.79100254256525,1.958368316583352,2.3934197667734862,0.329595494264466,0.11643721683195739,0.1384756463067119,INCORRECTO
img6_aug7.jpg,0.16152347648116838,0.7867059738334191,2.0028518469183143,2.4217767361381157,0.3402036100403755,0.1628384310380162,0.10456838782882465,INCORRECTO
img7.jpg,1.2189858422325741,0.6484757514009312,1.5886793830498513,3.004099505786468,0.012257128958843034,0.23672759878571306,0.5602783874672944,INCORRECTO
img7_aug1.jpg,1.308823365310624,0.6577145651032743,1.7601643083190401,3.393740868349293,0.0019115909945325708,0.2645568610194646,0.6204121013036632,INCORRECTO
img7_aug2.jpg,1.56237447075328,0.6650318531889935,1.6527771342026838,3.0973615515527633,0.14009622210064487,0.24190941285828346,1.0411026770201968,INCORRECTO
img7_aug3.jpg,1.627194448535637,0.689802379761107,1.7075776502037474,3.2542989435979552,0.05590514362133262,0.22753153765367556,0.9711589272419767,INCORRECTO
img7_aug4.jpg,0.9887645100921786,0.6883610824265026,1.6367855206053823,3.1140099673082307,0.0084992415928434,0.22893634322880801,0.7092598888911668,INCORRECTO
img7_aug5.jpg,0.55079055170113,0.6534598173859087,1.7195911964313775,3.294366980104533,0.005556565409893886,0.18978915090029647,0.37446523792680164,INCORRECTO
img7_aug6.jpg,0.7044822822852652,0.6770118032120607,1.5977910477503938,3.0907943527954327,0.01493792039367153,0.22515025341259345,0.34123888613795067,INCORRECTO
img7_aug7.jpg,0.7487780793752279,0.6910844186620523,1.709746306876944,3.2386807313518386,0.1209184727921388,0.3061195170495334,0.5059781358436165,INCORRECTO
img8.jpg,0.045438163118465505,0.6684583913308498,1.7887550882155923,2.2299593445023587,0.24537200631816145,0.04364613936682413,0.02194902090462756,INCORRECTO
img8_aug1.jpg,0.10814258973126473,0.6599868513940237,1.8252566018728038,2.3842708625444495,0.26134408570617734,0.10738507973982409,0.028683948696372957,INCORRECTO
img8_aug2.jpg,0.4261746766395409,0.6290298455930033,1.5835935056617085,1.521044377694058,0.15606932711682406,0.6722269224322851,0.3512887964920567,INCORRECTO
img8_aug3.jpg,0.12096964111380484,0.6766899840556658,1.664415538077244,2.2212339600622237,0.2170092773779921,0.015503576101754521,0.012204100334461756,INCORRECTO
img8_aug4.jpg,0.14883539547462155,0.6128676000569978,1.406118958199823,1.859937651176884,0.19542268828099824,0.24149727421332812,0.01120155052426126,INCORRECTO
img8_aug5.jpg,0.09009132856678112,0.6514486869727093,1.7317771956578247,2.376133487759135,0.13871986307459652,0.033695514023094814,0.003951017255984907,INCORRECTO
img8_aug6.jpg,0.10360793989510528,0.6553343213687438,1.8630723973794754,2.2813281797892135,0.30874901556801293,0.18579216722217887,0.0029217644161394136,INCORRECTO
img8_aug7.jpg,0.1728469669752466,0.6092815730351558,1.1603862759513788,0.7862939859737568,0.16445063737255877,0.29284808087654934,0.07792225006908363,INCORRECTO
img9.jpg,0.06958683688645083,0.5915729425463859,1.3554896245620383,1.7851173743617685,0.060217375360086825,0.013566635338064948,0.026560919098962937,CORRECTO
img9_aug1.jpg,0.14988087823978652,0.594770470248056,1.3329226766020486,1.779243623826751,0.04201719047699164,0.04073051613924951,0.007008941344452956,CORRECTO
img9_aug2.jpg,0.0533156693558916,0.5911764361325934,1.3267774125116156,1.7353542466893153,0.05072845131015212,0.009491910812607111,0.047738032487097654,CORRECTO
img9_aug3.jpg,0.220884071398714,0.602084616763648,1.3775673663928287,1.8160717435345153,0.02309043604043043,0.06285399581062073,0.1997357277887821,INCORRECTO
img9_aug4.jpg,0.06824769778522968,0.5718529884867695,1.3291621193856473,1.7814076015600495,0.09275852133889567,0.02243242392939037,0.06622392855681186,CORRECTO
img9_aug5.jpg,0.4949058514557662,0.5825986832130288,1.3683192011950587,1.8119430616054082,0.044104370417523145,0.010974033331334272,0.37263358093802346,INCORRECTO
img9_aug6.jpg,0.08576821500224885,0.5852075663523756,1.3612836493135794,1.837966861231391,0.13798957841665013,0.06392293549230568,0.04740719319811211,INCORRECTO
img9_aug7.jpg,0.3704951256022034,0.5713498607979336,1.3346866904016945,1.801648001332469,0.06184776853138945,0.018588356971292436,0.37018111493842404,INCORRECTO
WhatsApp Image 2026-08-03 at 3.12.07 PM.jpeg,3.580853278395936,0.6517708778388928,1.8259617472186909,2.822753391320694,0.4952933151276189,1.3123853277676685,0.15611816008896492,INCORRECTO
WhatsApp Image 2026-08-03 at 3.12.07 PM_aug1.jpeg,3.0080620052927434,0.678848444872518,1.4186022278090136,2.586816072801441,0.5319574693635937,1.0037414527925794,0.1865378949410918,INCORRECTO
WhatsApp Image 2026-08-03 at 3.12.07 PM_aug2.jpeg,3.3857091692079497,0.5651658196865463,1.7121045714804082,2.6949118388039004,0.8916149180032419,1.3120885287083257,0.6673779843969254,INCORRECTO
WhatsApp Image 2026-08-03 at 3.12.07 PM_aug3.jpeg,3.8218131387286323,0.6431680141621853,1.7886514228274246,2.905879548606134,0.5154142878928719,1.2357859857314222,0.1767808366781956,INCORRECTO
WhatsApp Image 2026-08-03 at 3.12.07 PM_aug4.jpeg,3.3171284186992267,0.5765973660177403,1.2926126839566565,2.381395848914041,0.5841570108324217,1.046194786327067,0.21418079735409978,INCORRECTO
WhatsApp Image 2026-08-03 at 3.12.07 PM_aug5.jpeg,3.2722219955684033,0.506110755916743,1.6207749803047478,2.3426407985409945,0.06036948485717419,1.437610577137808,0.017611371186310832,INCORRECTO
WhatsApp Image 2026-08-03 at 3.12.07 PM_aug6.jpeg,3.4856888294645003,0.5946151523365237,1.5763119254975055,3.1201396502280603,0.1344997072285219,1.316322404237017,0.10955052972909268,INCORRECTO
WhatsApp Image 2026-08-03 at 3.12.07 PM_aug7.jpeg,3.6757147951034823,0.6312376773698186,1.737158388072198,2.675930487165243,0.44720009160148333,1.3380423560610744,0.051195367575412286,INCORRECTO
WhatsApp Image 2026-08-03 at 3.12.16 PM.jpeg,2.476403016899723,0.8143355453901228,2.0121209005497223,3.266901396740219,0.8485417462599071,0.7294829727570568,1.0390662143726441,INCORRECTO
WhatsApp Image 2026-08-03 at 3.12.16 PM_aug1.jpeg,2.594817640489216,0.8205587349377405,1.8762700790972997,3.4380777178860455,0.40875028424201654,0.5883988649936777,1.2069454434563884,INCORRECTO
WhatsApp Image 2026-08-03 at 3.12.16 PM_aug2.jpeg,2.3483909403207606,0.8840483722135518,2.563187382926882,3.5825033233885453,0.5605375625593497,0.5647789267198673,0.6578000448515323,INCORRECTO
WhatsApp Image 2026-08-03 at 3.12.16 PM_aug3.jpeg,2.27599822196846,0.7691883248516544,1.7950607354433052,3.0954182641866903,1.0549033560466263,0.8445072219431843,0.35897038468921316,INCORRECTO
WhatsApp Image 2026-08-03 at 3.12.16 PM_aug4.jpeg,1.759146586284555,0.8167907544758631,1.9341243158726762,3.371722326173628,0.8332990770113081,0.6785415526688495,0.6400591565259691,INCORRECTO
WhatsApp Image 2026-08-03 at 3.12.16 PM_aug5.jpeg,1.9172155282971788,0.7204237263343581,1.8082357387503702,2.963612902499509,0.8394620731321042,0.6215980781003536,0.5100606128048111,INCORRECTO
WhatsApp Image 2026-08-03 at 3.12.16 PM_aug6.jpeg,2.3407456991192093,0.9908881602807449,2.1738253078348513,3.449639721419008,0.581815440594281,0.7825294553251884,1.0196553336196306,INCORRECTO
WhatsApp Image 2026-08-03 at 3.12.16 PM_aug7.jpeg,1.9947324724375135,0.7490406141540562,1.5262996649804161,2.594888294443572,0.545113923820642,0.5887014097510843,0.9996210789164679,INCORRECTO
WhatsApp Image 2026-08-03 at 3.12.18 PM (1).jpeg,2.809225648067835,0.6741166750119089,2.743063857339871,5.604902787471215,2.353564074131281,2.5910003071147054,1.5800069284618607,INCORRECTO
WhatsApp Image 2026-08-03 at 3.12.18 PM (1)_aug1.jpeg,2.774794203988309,1.0296951234953808,3.193148490269742,7.244397525819881,3.681489764956758,2.2752544113514053,1.5667277813333438,INCORRECTO
WhatsApp Image 2026-08-03 at 3.12.18 PM (1)_aug2.jpeg,3.6793890676092307,0.9774416895705551,3.8148860457965936,6.399273955729661,3.5524703453378357,2.4781154234393488,0.1292139384043547,INCORRECTO
WhatsApp Image 2026-08-03 at 3.12.18 PM (1)_aug3.jpeg,3.2990717875750297,0.7998855378094846,3.117755778679039,6.250851139997183,2.7157451102161265,2.8650634903538577,1.3928662052093201,INCORRECTO
WhatsApp Image 2026-08-03 at 3.12.18 PM (1)_aug4.jpeg,2.5296151706917356,0.7109969173945841,3.1269772306266246,7.247829976301892,2.0955107369988486,3.016915409553698,0.7887059992669022,INCORRECTO
WhatsApp Image 2026-08-03 at 3.12.18 PM (1)_aug5.jpeg,2.8112708859811857,0.7201799433085119,3.1660117724708314,5.196790968022038,1.3784043292442347,2.648836993011423,1.8904596181892592,INCORRECTO
WhatsApp Image 2026-08-03 at 3.12.18 PM (1)_aug6.jpeg,2.9024021775340616,0.7988827067373314,3.2222900622561665,4.925990087322546,2.2485691964772467,3.2134676026562947,1.0490095876627128,INCORRECTO
WhatsApp Image 2026-08-03 at 3.12.18 PM (1)_aug7.jpeg,2.8781397294027884,0.6812785317376105,3.1859064483966857,7.965669491940497,2.547200074551228,3.131677508303064,2.1489442483416137,INCORRECTO
WhatsApp Image 2026-08-03 at 3.12.18 PM (2).jpeg,4.262394625381608,1.7451100991948714,1.1518730509811552,0.28570478915299513,1.1023493776282058,0.7884382406355953,2.5517959843438054,INCORRECTO
WhatsApp Image 2026-08-03 at 3.12.18 PM (2)_aug1.jpeg,10.059126023146215,2.911790480794872,2.587514074095896,2.324173399535622,2.824463961213602,2.0271598769685135,5.035721736645926,INCORRECTO
WhatsApp Image 2026-08-03 at 3.12.18 PM (2)_aug2.jpeg,23.66072712266665,5.806770174334268,4.862058824894527,1.2194645861909592,3.7091141372937724,3.6536644546246464,8.757198044983728,INCORRECTO
WhatsApp Image 2026-08-03 at 3.12.18 PM (2)_aug3.jpeg,6.736222750896683,2.2583516715215484,3.2868392231503463,0.6908134034394608,1.2099827167584556,0.9782620000230866,2.616876138167322,INCORRECTO
WhatsApp Image 2026-08-03 at 3.12.18 PM (2)_aug4.jpeg,3.37051942719254,1.2401851148073664,1.0941915439932772,0.3513247954412037,0.8907114997134962,0.8092350457357695,2.3164196134608295,INCORRECTO
WhatsApp Image 2026-08-03 at 3.12.18 PM (2)_aug5.jpeg,7.831838437112802,2.0784842553243443,1.9907059974214805,0.5567810020716654,1.619130984869116,1.02515371379191,4.029398933603599,INCORRECTO
WhatsApp Image 2026-08-03 at 3.12.18 PM (2)_aug6.jpeg,4.005263484785987,1.30567453741453,0.9783446027279985,0.20207032069256597,1.0311455516408756,0.5552904022436327,2.740648873653458,INCORRECTO
WhatsApp Image 2026-08-03 at 3.12.18 PM (2)_aug7.jpeg,2.3871339668602465,1.4103126650465918,1.1271630369974814,0.2573011841058145,0.8456158759281556,0.48606630110879495,1.4808009084672307,INCORRECTO
WhatsApp Image 2026-08-03 at 3.12.18 PM (3).jpeg,2.308323266732986,2.565635003707957,2.720181483440504,3.236630792379133,2.9129282950624917,2.20344044122298,0.43938699062586406,INCORRECTO
WhatsApp Image 2026-08-03 at 3.12.18 PM (3)_aug1.jpeg,1.5926640899240887,1.729422288347645,1.8301668414610535,2.542238933542044,2.238922970336846,1.598994718403469,0.23833259285529668,INCORRECTO
WhatsApp Image 2026-08-03 at 3.12.18 PM (3)_aug2.jpeg,1.7754526019355639,1.719366786961633,2.0441922667410832,3.2203081844125734,2.546664018377205,1.6701207826194455,0.42404014859653816,INCORRECTO
WhatsApp Image 2026-08-03 at 3.12.18 PM (3)_aug3.jpeg,3.760096255976503,2.2223040262818743,4.864760373979484,4.931448858545985,4.001164034918179,3.8004177382808226,0.5153284134096162,INCORRECTO
WhatsApp Image 2026-08-03 at 3.12.18 PM (3)_aug4.jpeg,1.4833537672467605,1.4539564302654235,2.544195946944139,3.0876841156047545,1.8636018773415897,1.616834861576686,0.113360972371526,INCORRECTO
WhatsApp Image 2026-08-03 at 3.12.18 PM (3)_aug5.jpeg,2.7181976954369467,1.8714873681273787,3.1767884607532166,3.8292809471744405,3.1469786522611494,2.571304398449743,0.2647244393243946,INCORRECTO
WhatsApp Image 2026-08-03 at 3.12.18 PM (3)_aug6.jpeg,1.2106263362103677,2.0394801296968446,3.3769737770670862,3.327630611147187,1.7345476188597586,2.7620867776996105,0.4400244768632218,INCORRECTO
WhatsApp Image 2026-08-03 at 3.12.18 PM (3)_aug7.jpeg,7.20373006298163,2.8193802680955606,5.779523334929814,5.923521720444629,5.852387336293234,3.60812656378534,2.0314423508741246,INCORRECTO
WhatsApp Image 2026-08-03 at 3.12.18 PM.jpeg,7.065131331242133,1.3915069254382761,6.785235118211594,11.257839073737625,1.0088112153858888,4.0179137223395225,0.9409269111163798,INCORRECTO
WhatsApp Image 2026-08-03 at 3.12.18 PM_aug1.jpeg,6.135847355728682,1.0877546385219412,6.898027831435723,11.988025164761076,1.6476770865325303,5.364157372760008,0.3919372028040978,INCORRECTO
WhatsApp Image 2026-08-03 at 3.12.18 PM_aug2.jpeg,6.461360523962944,1.3834393880242633,8.655797721166316,17.342128113762243,1.5598231230775135,5.222473506664832,0.8650154259618379,INCORRECTO
WhatsApp Image 2026-08-03 at 3.12.18 PM_aug3.jpeg,7.154707935877659,1.9841806071046917,6.082852965026456,10.120708028106655,2.7935651781941173,4.755683867250462,1.9980028085135875,INCORRECTO
WhatsApp Image 2026-08-03 at 3.12.18 PM_aug4.jpeg,14.142973116610312,2.667176737877338,11.887051009286319,21.75794152137996,2.192468062677332,7.3532563176704056,6.103057439868135,INCORRECTO
WhatsApp Image 2026-08-03 at 3.12.18 PM_aug5.jpeg,4.327261399870735,1.989912434446989,5.706122628991956,9.408315390162155,2.1085781172591673,4.63130154226156,0.594649065137508,INCORRECTO
WhatsApp Image 2026-08-03 at 3.12.18 PM_aug6.jpeg,23.975720172380814,3.6301186369885965,15.456718436770979,24.17247268817742,1.7697084364017392,10.051504661884705,13.480728194875594,INCORRECTO
WhatsApp Image 2026-08-03 at 3.12.18 PM_aug7.jpeg,16.97966517883119,1.4084435753890108,14.779925445806818,26.9905567580183,1.8821673264086283,9.496576245952301,10.458452060370075,INCORRECTO
WhatsApp Image 2026-08-03 at 3.12.19 PM (1).jpeg,2.0981560042777927,0.7231095948048977,0.7336212471020651,2.054920997958431,0.01391883189632674,0.21340153546610913,1.1585101508886932,INCORRECTO
WhatsApp Image 2026-08-03 at 3.12.19 PM (1)_aug1.jpeg,3.220620256583517,0.8944927825413392,0.4973348857206476,1.1451504296739201,0.11267016339749497,0.39893887465118366,1.7976020757034656,INCORRECTO
WhatsApp Image 2026-08-03 at 3.12.19 PM (1)_aug2.jpeg,1.4182795748347945,0.7443161368491549,0.39144689094693164,1.496811229598588,0.41074137152711837,0.31024324591178115,0.8197204139060176,INCORRECTO
WhatsApp Image 2026-08-03 at 3.12.19 PM (1)_aug3.jpeg,4.440596130224204,1.0161952627909094,0.905047321044574,2.966487077613952,0.5139926383447636,0.7906918418214821,2.957041488465622,INCORRECTO
WhatsApp Image 2026-08-03 at 3.12.19 PM (1)_aug4.jpeg,5.843776170484839,0.9447232322825586,1.9229710813374934,4.68993498314394,0.029460148815183978,1.26126074054858,2.770789763023183,INCORRECTO
WhatsApp Image 2026-08-03 at 3.12.19 PM (1)_aug5.jpeg,2.992322668885963,1.0814520841781707,0.6031412231347771,0.8214027720144323,0.38035452846218404,0.5560921748318979,1.8853815073667848,INCORRECTO
WhatsApp Image 2026-08-03 at 3.12.19 PM (1)_aug6.jpeg,2.9788051715285557,1.0363685632542559,0.5462057542531732,2.444311085202664,0.007401922485533337,0.43835427817078754,2.32895292587525,INCORRECTO
WhatsApp Image 2026-08-03 at 3.12.19 PM (1)_aug7.jpeg,4.214504792872639,1.0207424512783416,0.36772766305731797,0.3443617618275339,0.29151091994808215,0.14564623346540995,2.2229615707247334,INCORRECTO
WhatsApp Image 2026-08-03 at 3.12.19 PM (2).jpeg,3.1369749759044865,0.8989472487525956,2.282171549809145,3.166528045591862,1.4323249832116214,1.364630990980057,0.3079680695391622,INCORRECTO
WhatsApp Image 2026-08-03 at 3.12.19 PM (2)_aug1.jpeg,2.6168314376158808,0.7907503383314342,2.6262001173536658,3.1672125735777983,1.5819566919417123,1.3105220293229936,0.29624957699512694,INCORRECTO
WhatsApp Image 2026-08-03 at 3.12.19 PM (2)_aug2.jpeg,3.0098188116808653,0.9448473933314755,2.64975047960168,2.5823265815303666,1.3234199515378076,0.9385858292652185,0.24614058324211288,INCORRECTO
WhatsApp Image 2026-08-03 at 3.12.19 PM (2)_aug3.jpeg,2.410578782492331,0.8623275182253436,2.0354314305705117,3.4345320960174406,0.9336583262649725,1.2790885645282613,0.4822010775942165,INCORRECTO
WhatsApp Image 2026-08-03 at 3.12.19 PM (2)_aug4.jpeg,3.0350075377016714,0.9445419848071984,2.8999933824225708,3.299163657779942,0.8929369091833393,1.27644852735354,0.5396595821395023,INCORRECTO
WhatsApp Image 2026-08-03 at 3.12.19 PM (2)_aug5.jpeg,2.9129536338618824,1.162926623747374,2.133215170186707,3.4211462952606535,1.1724638482802225,1.3624073516582138,0.2926328596239629,INCORRECTO
WhatsApp Image 2026-08-03 at 3.12.19 PM (2)_aug6.jpeg,2.7384442046295043,0.8221213741572387,2.5808230444157156,3.8103648874412723,0.6366371853716063,1.0442984987652721,0.6238971498232473,INCORRECTO
WhatsApp Image 2026-08-03 at 3.12.19 PM (2)_aug7.jpeg,2.523438409391458,0.8034512641866324,1.7175333952646061,2.6212997430008858,1.1248943213647284,1.0059840949651708,0.3993780496573899,INCORRECTO
WhatsApp Image 2026-08-03 at 3.12.19 PM (3).jpeg,2.654486261415889,1.4912219313985995,4.007180972831461,4.877262578798142,4.395511366211392,2.57943286507164,0.8512931506683324,INCORRECTO
WhatsApp Image 2026-08-03 at 3.12.19 PM (3)_aug1.jpeg,1.9776188001888448,1.2555030587572944,3.305527550181604,4.4417806182023405,3.5053594130349297,2.349632547450893,1.1071915057786406,INCORRECTO
WhatsApp Image 2026-08-03 at 3.12.19 PM (3)_aug2.jpeg,3.0922567650321113,1.348436402668381,4.092025072784159,5.935977878123313,4.284825697489095,3.4092844140616516,1.5334874270184857,INCORRECTO
WhatsApp Image 2026-08-03 at 3.12.19 PM (3)_aug3.jpeg,3.0643575856147707,1.0554546938467508,3.065965194216944,3.821785621149395,3.19064018570937,2.2718165850305274,1.3178721853322886,INCORRECTO
WhatsApp Image 2026-08-03 at 3.12.19 PM (3)_aug4.jpeg,1.4565439939107543,0.9980132794532869,2.6307272588192676,3.294678801243823,2.3232973931282577,2.155574531380513,0.7976671631077139,INCORRECTO
WhatsApp Image 2026-08-03 at 3.12.19 PM (3)_aug5.jpeg,3.450392871648976,0.9826060629761729,2.9780044989390215,3.88516913731146,3.5631715541333167,2.0862407152484637,1.7182321059956698,INCORRECTO
WhatsApp Image 2026-08-03 at 3.12.19 PM (3)_aug6.jpeg,2.3722121692554228,1.0401364194180696,2.818956014756158,3.7002643383705136,2.92715063007184,2.1401659922366223,1.1686855781660495,INCORRECTO
WhatsApp Image 2026-08-03 at 3.12.19 PM (3)_aug7.jpeg,2.9799042686879402,0.9857727025999284,2.503905646021215,4.278500086336758,3.399066445564324,2.2212705821096246,1.5323170068793375,INCORRECTO
WhatsApp Image 2026-08-03 at 3.12.19 PM (4).jpeg,0.09497106097688118,0.8486729349280466,0.4028701621647382,0.6905320112695142,0.05576476775610325,0.39077192595874577,0.0664367857119418,CORRECTO
WhatsApp Image 2026-08-03 at 3.12.19 PM (4)_aug1.jpeg,0.14437524943648058,0.9440690613193727,0.6251862618192452,0.4275192439448069,0.1155176505713665,0.28640229581634685,0.0008153852606630214,INCORRECTO
WhatsApp Image 2026-08-03 at 3.12.19 PM (4)_aug2.jpeg,0.19794313348651715,0.9601154596985773,0.6386790583204196,0.3026196441166013,0.07829897321117647,0.3302404179886571,0.16535164583345982,INCORRECTO
WhatsApp Image 2026-08-03 at 3.12.19 PM (4)_aug3.jpeg,0.11699448565203113,0.8775283234791745,0.3661492779517172,0.4302800965433629,0.048182462674531974,0.3468586900371119,0.08619656346884257,INCORRECTO
WhatsApp Image 2026-08-03 at 3.12.19 PM (4)_aug4.jpeg,0.040974525569005715,0.741031058255526,0.2517031788144411,0.1142859513578327,0.2690321894316512,0.20846885693789347,0.018089448183546554,INCORRECTO
WhatsApp Image 2026-08-03 at 3.12.19 PM (4)_aug5.jpeg,0.13933820233609057,0.891610713291502,0.2507083785481129,0.4575531225119002,0.07263564952086862,0.23185588777995503,0.11462914838959212,INCORRECTO
WhatsApp Image 2026-08-03 at 3.12.19 PM (4)_aug6.jpeg,0.04072154385668373,0.8864668671130417,0.4609493733918267,0.103308720182409,0.2265305319877096,0.36966342860070794,0.004303841762099278,INCORRECTO
WhatsApp Image 2026-08-03 at 3.12.19 PM (4)_aug7.jpeg,1.3659368191895902,1.048168821554182,0.2746463419684586,0.06304699159826761,0.23956591006686717,0.2643728089862891,0.5825875803333853,INCORRECTO
WhatsApp Image 2026-08-03 at 3.12.19 PM.jpeg,2.0296409558677655,0.6903307825105832,1.6274220674854498,1.3434648710943602,1.4176665991775408,0.6821554995313628,0.5767938079656798,INCORRECTO
WhatsApp Image 2026-08-03 at 3.12.19 PM_aug1.jpeg,1.167188138443676,0.5902478347084459,2.249943833228051,2.5465855601657372,1.5280527162074835,0.9685005032826038,0.6410149264488243,INCORRECTO
WhatsApp Image 2026-08-03 at 3.12.19 PM_aug2.jpeg,1.533168044569412,0.5638363277688565,1.6437656765572812,1.3772452507484862,1.3758312078853367,0.9073175335348427,0.36650007424578174,INCORRECTO
WhatsApp Image 2026-08-03 at 3.12.19 PM_aug3.jpeg,1.4459008042428794,0.6029639313047548,1.5213717367038042,1.4020999211572502,1.2651164408061968,0.6225852989440522,0.47520427989395536,INCORRECTO
WhatsApp Image 2026-08-03 at 3.12.19 PM_aug4.jpeg,2.7687536119488283,0.7780413702425314,2.4162074406044254,2.850548104442694,1.806471474763382,1.080649779153299,0.4865666059091124,INCORRECTO
WhatsApp Image 2026-08-03 at 3.12.19 PM_aug5.jpeg,2.0428137058678595,0.5975965980178617,1.4745254225560926,0.7308400841079796,1.544007217782255,0.5780484368834519,0.2537472041792043,INCORRECTO
WhatsApp Image 2026-08-03 at 3.12.19 PM_aug6.jpeg,1.874528397330708,0.551438652540516,1.5067475473784366,2.277814207324541,1.253231713638024,0.7943750625780307,0.5217926131418996,INCORRECTO
WhatsApp Image 2026-08-03 at 3.12.19 PM_aug7.jpeg,2.062072446218443,0.7762278037685902,1.9177682863794543,2.3008066517262953,1.6522893064278537,1.2565813137834048,0.7096728941373082,INCORRECTO
WhatsApp Image 2026-08-03 at 3.12.20 PM.jpeg,2.2543295817236477,0.501051391654747,1.3755054361788965,2.6071650638520802,1.3760232237300987,1.3752789867216213,0.22398115198588123,INCORRECTO
WhatsApp Image 2026-08-03 at 3.12.20 PM_aug1.jpeg,2.34911182564557,0.52127182619655,1.74665395939036,3.047606566307792,1.493368764002568,1.013191751117302,0.49002582571342934,INCORRECTO
WhatsApp Image 2026-08-03 at 3.12.20 PM_aug2.jpeg,2.2920147957270336,0.42795952568558215,1.33828173419937,2.610309916438183,0.8234562369110182,0.7648766941238363,0.003340918721317812,INCORRECTO
WhatsApp Image 2026-08-03 at 3.12.20 PM_aug3.jpeg,2.9816312657103405,1.0544426423741722,3.200586298329771,5.207641261617079,3.388104903939547,1.6283466601036445,0.8046950088378639,INCORRECTO
WhatsApp Image 2026-08-03 at 3.12.20 PM_aug4.jpeg,2.4284843493163475,0.5824296873080367,1.3136290995814408,2.7643012835517413,1.286908102212723,1.1492355748452956,0.03662671152169185,INCORRECTO
WhatsApp Image 2026-08-03 at 3.12.20 PM_aug5.jpeg,1.8315578916730189,0.6366671924898508,1.6703932119018754,2.1715730528432355,1.2991535383989823,0.8403789016672926,0.10157884998336014,INCORRECTO
WhatsApp Image 2026-08-03 at 3.12.20 PM_aug6.jpeg,2.3946758983717937,0.5987929389015622,2.1206501552603068,3.0914139427430656,2.183257575845012,1.2213034883915626,0.6147453521504906,INCORRECTO
WhatsApp Image 2026-08-03 at 3.12.20 PM_aug7.jpeg,1.9125659832269004,0.6569661895433324,1.390937474941093,1.9202234081260756,1.1030903355805035,0.7931770492620551,0.3940452726708408,INCORRECTO
